iter	PRAUC:type=Classic	Logloss
0	0.9404793315	0.6627976929
1	0.9573292871	0.6323157415
2	0.9625041184	0.6057930527
3	0.9657064684	0.5815417221
4	0.9660033889	0.5585304083
5	0.9661153974	0.537142854
6	0.9669018012	0.5158953847
7	0.9671557756	0.4973794691
8	0.9679292028	0.4819582924
9	0.9685690094	0.4670365391
10	0.9690874378	0.4502090085
11	0.9696100345	0.4339226991
12	0.9702228157	0.4235442345
13	0.9705119889	0.4118512745
14	0.9712476978	0.4007805641
15	0.9714732075	0.3897770745
16	0.9718658003	0.3805329075
17	0.972035345	0.3720152747
18	0.9720293029	0.3645034696
19	0.9723915499	0.3575652596
20	0.9724297061	0.3501140618
21	0.9725435471	0.343625829
22	0.9729386901	0.3363273499
23	0.9731027395	0.3301680642
24	0.973406485	0.3237025584
25	0.9735665371	0.318278822
26	0.9737418126	0.3130231815
27	0.9739863523	0.3084905099
28	0.9741511545	0.3031041536
29	0.974400347	0.2979059906
30	0.9744644268	0.2938537298
31	0.9749428425	0.2888980338
32	0.9750455311	0.2850849425
33	0.9751476456	0.2821033402
34	0.9753784406	0.2781283687
35	0.9756690609	0.274844012
36	0.9757087755	0.272397602
37	0.9759192782	0.2694196116
38	0.9760166592	0.2667971677
39	0.9763642738	0.263470503
40	0.9764829866	0.2610984518
41	0.9767566388	0.2579389456
42	0.9769788233	0.2549669252
43	0.9771880199	0.2523106757
44	0.9773275182	0.2503525804
45	0.9775282731	0.247908653
46	0.9778000846	0.2461208187
47	0.977913383	0.2443727119
48	0.9780444283	0.2426959339
49	0.9782205901	0.2402768523
50	0.9782788579	0.2390038022
51	0.978396785	0.2369771185
52	0.978603528	0.2353025705
53	0.9788892647	0.2333337097
54	0.9790532964	0.2315970262
55	0.9791937246	0.2301278747
56	0.9794177231	0.2284608676
57	0.9795794357	0.2268309867
58	0.9797926798	0.2253964666
59	0.9798291069	0.2243854003
60	0.9799946232	0.2230667227
61	0.9801366399	0.2216862795
62	0.9802461845	0.2203168633
63	0.9803357552	0.2193054224
64	0.9804495133	0.2182216952
65	0.9806678198	0.2170149961
66	0.9807912576	0.2159774204
67	0.9810199604	0.2145772026
68	0.9811548254	0.213708574
69	0.9812147768	0.2129088847
70	0.9813350792	0.2116764541
71	0.9813961881	0.210845717
72	0.9815555211	0.2095740911
73	0.9816841332	0.208284525
74	0.9817890783	0.2072956655
75	0.98189764	0.2064379282
76	0.9819933226	0.2057343343
77	0.982109796	0.2050915349
78	0.9821813831	0.2041321526
79	0.9822542787	0.2033708849
80	0.9823537044	0.2024473821
81	0.9824370648	0.2018504265
82	0.9825451282	0.200812466
83	0.9826667429	0.1999709958
84	0.9827435598	0.1993330974
85	0.9828626422	0.1986636896
86	0.9829577061	0.1978345844
87	0.9830586088	0.1973499168
88	0.9831872823	0.1967186777
89	0.9832747621	0.1960734611
90	0.983391451	0.195158949
91	0.9834605934	0.194690352
92	0.9835478077	0.1942171875
93	0.983597536	0.1935882932
94	0.9836296063	0.1930145876
95	0.9837062993	0.1926246666
96	0.9838125111	0.1919345231
97	0.9838562547	0.1914142118
98	0.9839603378	0.1907679238
99	0.9840514728	0.1901562303
100	0.9841429587	0.189639945
101	0.9842898794	0.1886615875
102	0.9843768078	0.1880943006
103	0.9844560358	0.1875756401
104	0.9845324559	0.1870276274
105	0.9846775077	0.1861346575
106	0.9847533629	0.1857485667
107	0.9848341146	0.1849956916
108	0.9849513617	0.1842253416
109	0.9850151803	0.1835796139
110	0.9851240363	0.18302482
111	0.9851459243	0.1826890885
112	0.9852356276	0.1820616754
113	0.9853081611	0.181429986
114	0.9853689846	0.1807477686
115	0.9853986777	0.1805072937
116	0.9854676862	0.1798897827
117	0.9855078049	0.1794591692
118	0.9855811806	0.1789919845
119	0.9857074714	0.1781726348
120	0.9857547737	0.1778971859
121	0.9858493363	0.1773333334
122	0.9859075387	0.1768897722
123	0.9859771427	0.1764741454
124	0.986037071	0.1759249573
125	0.9861041298	0.17550529
126	0.9862281513	0.1746660998
127	0.9863465183	0.1739414961
128	0.9863814523	0.1737575734
129	0.9864461585	0.1732706455
130	0.9865215275	0.1729174022
131	0.9865766371	0.1722991002
132	0.9866830368	0.17169602
133	0.986794954	0.1711324982
134	0.9868648871	0.1706439324
135	0.9869535644	0.1701441081
136	0.9870195914	0.1697357582
137	0.9870567776	0.1693006441
138	0.9870910217	0.1689195739
139	0.9871191205	0.1687475591
140	0.9871705625	0.1683322796
141	0.9871971264	0.1680894344
142	0.9872433975	0.1677442236
143	0.9872635382	0.1674474115
144	0.9873143791	0.1671176705
145	0.9873722511	0.1667549286
146	0.9874218382	0.1664936874
147	0.9874370059	0.1662745447
148	0.9874836306	0.1658108412
149	0.9875308631	0.1655088353
150	0.9875831611	0.1651554271
151	0.9876244555	0.1648588121
152	0.9876718838	0.164538058
153	0.9877508058	0.1640705404
154	0.987782622	0.1637952566
155	0.98784243	0.1633690713
156	0.9879240653	0.1628705351
157	0.9879874523	0.1624976232
158	0.9880688008	0.1619171841
159	0.9881089569	0.1616014806
160	0.9881466506	0.1613023485
161	0.9882007884	0.1609675752
162	0.988220788	0.1607895725
163	0.9882766061	0.1604336309
164	0.9883344625	0.1599451081
165	0.9883863106	0.1595828541
166	0.9884586194	0.159237458
167	0.9884948303	0.1589648242
168	0.9885263589	0.1586707711
169	0.9885603636	0.1584853891
170	0.9886251022	0.1581290203
171	0.9887058171	0.1577035297
172	0.9887692292	0.1572265164
173	0.9888016823	0.1570214619
174	0.9888582616	0.1567309215
175	0.988939169	0.1562243452
176	0.9890241245	0.1557814044
177	0.9890982636	0.1553877703
178	0.989167108	0.1549606677
179	0.9892146648	0.1546228658
180	0.9892588522	0.154274545
181	0.9893067371	0.1540153492
182	0.9893569502	0.153561301
183	0.9894091241	0.1531758802
184	0.9894740528	0.152779541
185	0.9895563781	0.1522192067
186	0.9895901198	0.1519652383
187	0.9896439554	0.151606515
188	0.9896823304	0.1512966015
189	0.9897099804	0.1510879257
190	0.9897383475	0.1507902744
191	0.9897869104	0.150367562
192	0.9898378556	0.1499681028
193	0.9899164128	0.149487134
194	0.9899533395	0.1491964815
195	0.9899787174	0.149028579
196	0.9900402272	0.148731214
197	0.9900732107	0.1484738012
198	0.990132996	0.1481675467
199	0.9901652262	0.147882027
200	0.9902031891	0.1475671423
201	0.9902470171	0.1472936792
202	0.9902795916	0.1470213782
203	0.9903415137	0.1466998044
204	0.9903828815	0.1464094668
205	0.9904155814	0.1460626863
206	0.990464915	0.1458512126
207	0.9905041478	0.145567255
208	0.9905780841	0.145130933
209	0.9905945198	0.1449218202
210	0.9906384796	0.1446429004
211	0.9906885052	0.144400769
212	0.9907313034	0.1440888184
213	0.9907682468	0.1438796781
214	0.9908164183	0.1434197462
215	0.9908900495	0.1429054913
216	0.9908979463	0.1428515991
217	0.9909255892	0.1426353222
218	0.9909586414	0.1424054563
219	0.9910126118	0.142008958
220	0.9910676615	0.1416710926
221	0.9911165759	0.1414096113
222	0.9911578959	0.1410313266
223	0.9911924008	0.1407919915
224	0.9912191444	0.1405845472
225	0.9912347278	0.1404236307
226	0.9912666653	0.1402549935
227	0.9913169639	0.1399697934
228	0.9913202181	0.1398545149
229	0.9913520531	0.1395188107
230	0.9913961768	0.1392785657
231	0.9914384782	0.1389938605
232	0.9914738383	0.1387368057
233	0.9915017401	0.1384980219
234	0.9915549351	0.1382846535
235	0.9915660133	0.1382230537
236	0.9915916516	0.1380089612
237	0.9916228344	0.1377523551
238	0.9916571716	0.1374592363
239	0.9916730078	0.1372737412
240	0.9917134034	0.1369378904
241	0.9917344071	0.1367359244
242	0.9917491132	0.1365342897
243	0.9917719613	0.1362799556
244	0.991825865	0.1359897798
245	0.9918795571	0.1357341494
246	0.9919008897	0.135573938
247	0.9919650639	0.1352777867
248	0.9919992621	0.1350281999
249	0.9920395245	0.1348138175
250	0.9920447181	0.1347236422
251	0.992064746	0.1345906112
252	0.9921054759	0.1343457273
253	0.9921552197	0.1341181428
254	0.9922227581	0.1337717825
255	0.992236524	0.1336184481
256	0.992269974	0.1333739606
257	0.9922944669	0.1332259248
258	0.9923221233	0.1329776848
259	0.992331874	0.1328635115
260	0.9923799815	0.1325246792
261	0.9924095799	0.1321975593
262	0.9924319026	0.1319457639
263	0.9924581488	0.1318073215
264	0.9924751648	0.1316103411
265	0.9925119678	0.1313489848
266	0.9925732354	0.1309874918
267	0.9925856592	0.1308220688
268	0.9926251586	0.1305332697
269	0.9926453636	0.1303237924
270	0.9926632387	0.1301800442
271	0.9926915408	0.1299543151
272	0.9927225885	0.1295771212
273	0.992742859	0.1293888179
274	0.9927610234	0.1292479935
275	0.9927775195	0.129052709
276	0.9928031658	0.1287934978
277	0.9928111982	0.1287191777
278	0.9928363101	0.1285483231
279	0.9928875112	0.1283185303
280	0.9928982749	0.1282142817
281	0.9929007326	0.1281437595
282	0.9929727424	0.1278299224
283	0.9930088919	0.1275334432
284	0.9930362508	0.1273665284
285	0.9930497078	0.1273198667
286	0.9930865157	0.1271288672
287	0.9931098056	0.1268872039
288	0.9931220259	0.126780497
289	0.9931626082	0.1265247233
290	0.9931903277	0.126307569
291	0.9932053154	0.1262067842
292	0.9932354364	0.1259310572
293	0.9932556842	0.1257702344
294	0.9932769927	0.1256194973
295	0.9933250872	0.1252267761
296	0.9933417512	0.125088885
297	0.9933635184	0.124911905
298	0.9934378514	0.1245061734
299	0.993455694	0.124389332
300	0.9934981095	0.1241000945
301	0.993530923	0.1238649665
302	0.9935485388	0.1236162543
303	0.9935719508	0.1234631112
304	0.9935823373	0.1234201401
305	0.9936043129	0.1232064149
306	0.9936280313	0.1229987045
307	0.9936628436	0.1225994289
308	0.993671028	0.1224629096
309	0.9937353047	0.1220332792
310	0.9937476956	0.1219426434
311	0.9937857668	0.1217071866
312	0.9938189162	0.1213975368
313	0.9938456922	0.1213303075
314	0.9938586028	0.1212505486
315	0.9938826278	0.1210894148
316	0.9939013107	0.1208646954
317	0.9939192689	0.1207303657
318	0.9939693352	0.1204675887
319	0.9939982035	0.12031691
320	0.9940284029	0.1200684643
321	0.9940540145	0.1198033218
322	0.9940766098	0.1196601342
323	0.994085286	0.119612421
324	0.9941105985	0.1194004455
325	0.9941143471	0.119377572
326	0.9941317623	0.1191891258
327	0.994145473	0.1190632808
328	0.9942009011	0.1186947741
329	0.9942057053	0.1184930252
330	0.9942278981	0.1183091252
331	0.9942732688	0.1179690819
332	0.9943234291	0.1175180288
333	0.9943370067	0.1174292159
334	0.9943470391	0.1173485911
335	0.9943781723	0.1171515365
336	0.9944239343	0.1167914197
337	0.9944496114	0.1165978036
338	0.9944682918	0.1164084378
339	0.9944766714	0.1163504388
340	0.9945161469	0.1160734997
341	0.9945369614	0.1158153091
342	0.9945452429	0.1157899825
343	0.9945684015	0.1156381362
344	0.9945850438	0.1154278941
345	0.9946196747	0.1152849016
346	0.9946334154	0.1151570311
347	0.9946526772	0.1150009337
348	0.9946578836	0.1149365325
349	0.9947096863	0.1146560081
350	0.9947456622	0.1143745468
351	0.9947614211	0.1142223758
352	0.9948063056	0.1139210241
353	0.9948177402	0.1137769055
354	0.994891677	0.1132602619
355	0.9948971456	0.1132168426
356	0.9949257504	0.1129819862
357	0.9949471895	0.1128058352
358	0.9949573811	0.1127557062
359	0.9949643904	0.1127185811
360	0.9949713045	0.1126565214
361	0.994983146	0.1126135887
362	0.9950076757	0.1123235578
363	0.9950240187	0.1121971535
364	0.9950329481	0.1121585108
365	0.995064825	0.1118070254
366	0.9950724266	0.1116925724
367	0.9950799557	0.1116594651
368	0.9950996796	0.1115279441
369	0.9951032107	0.111500024
370	0.9951184028	0.1113401922
371	0.9951415953	0.1111407807
372	0.9951596144	0.1109849631
373	0.9951643054	0.1109354557
374	0.9952220164	0.1105376874
375	0.9952388844	0.1102489468
376	0.9952441955	0.1102135045
377	0.995296071	0.1098336564
378	0.9953280403	0.1095337469
379	0.9953308072	0.109509331
380	0.9953463854	0.1093409607
381	0.9953557026	0.1091889985
382	0.9954010825	0.1088192517
383	0.99541187	0.1086736912
384	0.9954183915	0.1086226186
385	0.995437023	0.108374079
386	0.9954930467	0.1078889062
387	0.995513736	0.1076498554
388	0.9955304996	0.1075079291
389	0.9955562354	0.1071604885
390	0.99557223	0.1068874821
391	0.9955887154	0.1066383032
392	0.9956085759	0.1065214783
393	0.9956153455	0.1064188913
394	0.9956203969	0.1063813182
395	0.9956597283	0.1061229984
396	0.9956803073	0.1058358208
397	0.9956893333	0.1057258542
398	0.9957111925	0.1054740168
399	0.9957429331	0.1052064528
